{"wind": {"intrinsic": [[590.625, 0.0, 270.0], [0.0, 590.625, 270.0], [0.0, 0.0, 1.0]], "extrinsic": [[0.99998, 0.007, -0.0, -0.01913], [-0.0, 0.0, -1.0, 1.43756], [-0.007, 0.99998, 0.0, 3.20021], [0.0, 0.0, 0.0, 1.0]], "pos": [0.04153, -3.2, 1.43756], "viewup": [0.0, 0.0, 1.0], "focal_dis": 10, "dir": [-0.007, 0.99998, 0.0], "clipping_range": [0.1, 100.0], "cloth_rot": [90, 0, 0], "res": [540, 540], "view_angle": 49.13434, "min_distance": 0, "max_distance": 5}, "rotate": {"intrinsic": [[590.625, 0.0, 270.0], [0.0, 590.625, 270.0], [0.0, 0.0, 1.0]], "extrinsic": [[0.99998, 0.007, -0.0, -0.01913], [0.00329, -0.47061, -0.88233, -0.2377], [-0.00618, 0.88231, -0.47063, 3.5002], [0.0, 0.0, 0.0, 1.0]], "pos": [0.04153, -3.2, 1.43756], "viewup": [-0.00329, 0.47061, 0.88233], "focal_dis": 10, "dir": [-0.00618, 0.88231, -0.47063], "clipping_range": [0.1, 100.0], "cloth_rot": [90, 0, 0], "res": [540, 540], "view_angle": 49.13434, "min_distance": 0, "max_distance": 5}, "ball": {"intrinsic": [[590.625, 0.0, 270.0], [0.0, 590.625, 270.0], [0.0, 0.0, 1.0]], "extrinsic": [[0.09758, 0.99523, 0.0, 0.13805], [0.15912, -0.0156, -0.98714, 1.92974], [-0.98243, 0.09633, -0.15988, 2.76978], [0.0, 0.0, 0.0, 1.0]], "pos": [2.40058, -0.37409, 2.34776], "viewup": [-0.15912, 0.0156, 0.98714], "focal_dis": 10, "dir": [-0.98243, 0.09633, -0.15988], "clipping_range": [0.1, 100.0], "cloth_rot": [90, 0, 0], "res": [540, 540], "view_angle": 49.13434, "min_distance": 0, "max_distance": 5}, "drape": {"intrinsic": [[590.625, 0.0, 270.0], [0.0, 590.625, 270.0], [0.0, 0.0, 1.0]], "extrinsic": [[0.99998, 0.007, -0.0, -0.01913], [0.00329, -0.47061, -0.88233, -0.2377], [-0.00618, 0.88231, -0.47063, 3.5002], [0.0, 0.0, 0.0, 1.0]], "pos": [0.04153, -3.2, 1.43756], "viewup": [-0.00329, 0.47061, 0.88233], "focal_dis": 10, "dir": [-0.00618, 0.88231, -0.47063], "clipping_range": [0.1, 100.0], "cloth_rot": [90, 0, 0], "res": [540, 540], "view_angle": 49.13434, "min_distance": 0, "max_distance": 5}}